grrzen,5ad20b9c-5e32-3b0c-afb4-80b3389e4db0
uzumakiyt,37a9b123-c587-3180-9614-aa425f00c61e
friezagm_ytb,1dc6fc35-f5ac-341a-af50-954faa0448c5
yira,070f4c3b-1808-3d19-b302-7232bd0457a9
nomane,a998f419-67b7-370b-9a8d-deb022461235
giapromc,a2878276-2e8e-3f27-b3e5-a99f482ee29b
__kazuto,45e5ac30-459f-3092-bf18-72ff7530a626
vvippro,7a4dc017-9d0a-32f0-8938-9fd1d4669dde
beluga709,3df8b732-cbd7-31f5-b1de-230b0f8efcd1
hinatayt,ed09f74a-4743-3595-8285-2a165ea93335
p0psy,692c51c1-fcbf-34da-bf10-643b7ca21217
puppycute_ytb,1f345ce8-e3e8-39e2-aa4d-e6ed61defc67
foximod,9edcf540-93e3-3db1-bb00-2a42e0b94d54
puppycute,6d92f311-98a9-3bda-8fcd-55f929c578a2
